link,name,price,ro_sp_fl
https://www.morizon.pl/oferta/sprzedaz-mieszkanie-rybnik-orzepowicka-70m2-mzn2040065360,"
śląskie, Rybnik, Orzepowicka ",307 000 zł,"

4 pokoje 71 m² piętro 5/9 
"
https://www.morizon.pl/oferta/sprzedaz-mieszkanie-rybnik-boguszowice-stare-28m2-mzn2040169113,"
Rybnik, Boguszowice Stare ",129 900 zł,"

1 pokój 28 m² parter 
"
https://www.morizon.pl/oferta/sprzedaz-mieszkanie-rybnik-paruszowiec-piaski-60m2-mzn2039728717,"
Rybnik, Paruszowiec-Piaski ",381 600 zł,"

3 pokoje 60 m² parter 
"
https://www.morizon.pl/oferta/sprzedaz-mieszkanie-rybnik-sosnowa-82m2-mzn2038975643,"
śląskie, Rybnik, Sosnowa ",471 658 zł,"

4 pokoje 83 m² piętro 1/3 
"
https://www.morizon.pl/oferta/sprzedaz-mieszkanie-rybnik-paruszowiec-piaski-sosnowa-39m2-mzn2039307900,"
Rybnik, Paruszowiec-Piaski, Sosnowa ",254 720 zł,"

2 pokoje 40 m² parter 
"
https://www.morizon.pl/oferta/sprzedaz-mieszkanie-rybnik-paruszowiec-piaski-sosnowa-59m2-mzn2039373377,"
Rybnik, Paruszowiec-Piaski, Sosnowa ",363 757 zł,"

3 pokoje 60 m² piętro 2/3 
"
https://www.morizon.pl/oferta/sprzedaz-mieszkanie-rybnik-zamyslow-na-okrzeszyncu-108m2-mzn2040112517,"
Rybnik, Zamysłów, Na Okrzeszyńcu ",990 000 zł,"

3 pokoje 109 m² parter 
"
https://www.morizon.pl/oferta/sprzedaz-mieszkanie-rybnik-56m2-mzn2040111049,"
śląskie, Rybnik ",290 000 zł,"

3 pokoje 56 m² parter 
"
https://www.morizon.pl/oferta/sprzedaz-mieszkanie-rybnik-boguszowice-osiedle-zurawia-66m2-mzn2040200418,"
Rybnik, Boguszowice Osiedle, Żurawia ",132 750 zł,"

4 pokoje 66 m² piętro 1/2 
"
https://www.morizon.pl/oferta/sprzedaz-mieszkanie-rybnik-maroko-nowiny-33m2-mzn2039815875,"
Rybnik, Maroko-Nowiny ",165 000 zł,"

1 pokój 33 m² piętro 9/9 
"
https://www.morizon.pl/oferta/sprzedaz-mieszkanie-rybnik-ligota-ligocka-kuznia-75m2-mzn2038138137,"
Rybnik, Ligota-Ligocka Kuźnia ",437 378 zł,"

3 pokoje 75 m² piętro 1/1 
"
https://www.morizon.pl/oferta/sprzedaz-mieszkanie-rybnik-ligota-ligocka-kuznia-51m2-mzn2038138654,"
Rybnik, Ligota-Ligocka Kuźnia ",336 895 zł,"

2 pokoje 52 m² piętro 2/2 
"
https://www.morizon.pl/oferta/sprzedaz-mieszkanie-rybnik-ligota-ligocka-kuznia-37m2-mzn2038138593,"
Rybnik, Ligota-Ligocka Kuźnia ",257 784 zł,"

2 pokoje 37 m² piętro 1/2 
"
https://www.morizon.pl/oferta/sprzedaz-mieszkanie-rybnik-boguszowice-osiedle-60m2-mzn2040065812,"
Rybnik, Boguszowice Osiedle ",265 000 zł,"

3 pokoje 61 m² piętro 1/4 
"
https://www.morizon.pl/oferta/sprzedaz-mieszkanie-rybnik-chwalowice-slaska-59m2-mzn2040110795,"
Rybnik, Chwałowice, Śląska ",220 000 zł,"

3 pokoje 60 m² piętro 4/4 
"
https://www.morizon.pl/oferta/sprzedaz-mieszkanie-rybnik-boguszowice-osiedle-49m2-mzn2039943648,"
Rybnik, Boguszowice Osiedle ",199 000 zł,"

2 pokoje 49 m² piętro 2/4 
"
https://www.morizon.pl/oferta/sprzedaz-mieszkanie-rybnik-chwalowice-110m2-mzn2039842499,"
Rybnik, Chwałowice ",340 000 zł,"

5 pokoi 110 m² piętro 1/1 
"
https://www.morizon.pl/oferta/sprzedaz-mieszkanie-rybnik-boguszowice-osiedle-46m2-mzn2039987863,"
Rybnik, Boguszowice Osiedle ",194 000 zł,"

3 pokoje 47 m² piętro 4/4 
"
https://www.morizon.pl/oferta/sprzedaz-mieszkanie-rybnik-chabrowa-72m2-mzn2039987862,"
śląskie, Rybnik, Chabrowa ",310 000 zł,"

3 pokoje 72 m² piętro 10/10 Widok 3D 
"
https://www.morizon.pl/oferta/sprzedaz-mieszkanie-rybnik-sosnowa-76m2-mzn2039987848,"
śląskie, Rybnik, Sosnowa ",444 540 zł,"

3 pokoje 76 m² piętro 2/3 
"
https://www.morizon.pl/oferta/sprzedaz-mieszkanie-rybnik-boguszowice-stare-69m2-mzn2040167351,"
Rybnik, Boguszowice Stare ",272 000 zł,"

4 pokoje 69 m² piętro 3/4 
"
https://www.morizon.pl/oferta/sprzedaz-mieszkanie-rybnik-sw-jozefa-55m2-mzn2040168569,"
śląskie, Rybnik, Św. Józefa ",265 000 zł,"

3 pokoje 56 m² piętro 10/10 
"
https://www.morizon.pl/oferta/sprzedaz-mieszkanie-rybnik-smolna-64m2-mzn2040173191,"
śląskie, Rybnik, Smolna ",320 000 zł,"

3 pokoje 64 m² piętro 7/10 
"
https://www.morizon.pl/oferta/sprzedaz-mieszkanie-rybnik-boguszowice-stare-48m2-mzn2040213804,"
Rybnik, Boguszowice Stare ",199 000 zł,"

2 pokoje 49 m² piętro 4/4 
"
https://www.morizon.pl/oferta/sprzedaz-mieszkanie-rybnik-niedobczyce-74m2-mzn2040208345,"
Rybnik, Niedobczyce ",209 000 zł,"

4 pokoje 74 m² parter 
"
https://www.morizon.pl/oferta/sprzedaz-mieszkanie-rybnik-46m2-mzn2040167724,"
śląskie, Rybnik ",194 000 zł,"

2 pokoje 47 m² piętro 4/4 
"
https://www.morizon.pl/oferta/sprzedaz-mieszkanie-rybnik-1-maja-38m2-mzn2040136577,"
śląskie, Rybnik, 1 Maja ",199 000 zł,"

2 pokoje 39 m² piętro 1/2 
"
https://www.morizon.pl/oferta/sprzedaz-mieszkanie-rybnik-morcinka-48m2-mzn2040138839,"
śląskie, Rybnik, Morcinka ",190 000 zł,"

2 pokoje 48 m² piętro 4/4 
"
https://www.morizon.pl/oferta/sprzedaz-mieszkanie-rybnik-niewiadom-60m2-mzn2040108478,"
Rybnik, Niewiadom ",349 000 zł,"

3 pokoje 60 m² parter 
"
https://www.morizon.pl/oferta/sprzedaz-mieszkanie-rybnik-37m2-mzn2040161949,"
śląskie, Rybnik ",230 000 zł,"

2 pokoje 37 m² piętro 3/3 
"
https://www.morizon.pl/oferta/sprzedaz-mieszkanie-rybnik-62m2-mzn2039042813,"
śląskie, Rybnik ",509 000 zł,"

3 pokoje 62 m² parter 
"
https://www.morizon.pl/oferta/sprzedaz-mieszkanie-rybnik-boguszowice-osiedle-61m2-mzn2040213800,"
Rybnik, Boguszowice Osiedle ",215 000 zł,"

3 pokoje 61 m² piętro 2/4 
"
https://www.morizon.pl/oferta/sprzedaz-mieszkanie-rybnik-osiedle-poludnie-51m2-mzn2040078421,"
śląskie, Rybnik, Osiedle Południe ",225 000 zł,"

2 pokoje 51 m² parter 
"
https://www.morizon.pl/oferta/sprzedaz-mieszkanie-rybnik-osiedle-poludnie-60m2-mzn2040113157,"
śląskie, Rybnik, Osiedle Południe ",259 000 zł,"

3 pokoje 61 m² piętro 1/4 
"
https://www.morizon.pl/oferta/sprzedaz-mieszkanie-rybnik-paruszowiec-piaski-sosnowa-70m2-mzn2040171896,"
Rybnik, Paruszowiec-Piaski, Sosnowa ",424 005 zł,"

3 pokoje 71 m² piętro 3 
"
https://www.morizon.pl/oferta/sprzedaz-mieszkanie-rybnik-smolna-raciborska-69m2-mzn2040099764,"
Rybnik, Smolna, Raciborska ",449 000 zł,"

4 pokoje 69 m² piętro 2/2 
"
https://www.morizon.pl/oferta/sprzedaz-mieszkanie-rybnik-srodmiescie-49m2-mzn2040139692,"
Rybnik, Śródmieście ",289 000 zł,"

3 pokoje 49 m² piętro 9/10 
"
https://www.morizon.pl/oferta/sprzedaz-mieszkanie-rybnik-paruszowiec-piaski-sosnowa-59m2-mzn2040171702,"
Rybnik, Paruszowiec-Piaski, Sosnowa ",364 948 zł,"

3 pokoje 60 m² piętro 3/3 
"
https://www.morizon.pl/oferta/sprzedaz-mieszkanie-rybnik-lompy-40m2-mzn2039035156,"
śląskie, Rybnik, Lompy ",144 999 zł,"

1 pokój 40 m² parter 
"
https://www.morizon.pl/oferta/sprzedaz-mieszkanie-rybnik-boguszowice-osiedle-60m2-mzn2040213896,"
Rybnik, Boguszowice Osiedle ",249 000 zł,"

3 pokoje 61 m² piętro 1/4 
"
https://www.morizon.pl/oferta/sprzedaz-mieszkanie-rybnik-kupiecka-55m2-mzn2039991497,"
śląskie, Rybnik, Kupiecka ",279 000 zł,"

3 pokoje 56 m² piętro 1/4 
"
https://www.morizon.pl/oferta/sprzedaz-mieszkanie-rybnik-reymonta-63m2-mzn2039860449,"
śląskie, Rybnik, Reymonta ",315 000 zł,"

3 pokoje 63 m² piętro 3/9 
"
https://www.morizon.pl/oferta/sprzedaz-mieszkanie-rybnik-kadetow-48m2-mzn2039041293,"
śląskie, Rybnik, Kadetów ",179 000 zł,"

2 pokoje 49 m² piętro 3/4 
"
https://www.morizon.pl/oferta/sprzedaz-mieszkanie-rybnik-orzepowicka-48m2-mzn2039006014,"
śląskie, Rybnik, Orzepowicka ",209 000 zł,"

2 pokoje 49 m² piętro 3/10 
"
https://www.morizon.pl/oferta/sprzedaz-mieszkanie-rybnik-marokanow-40m2-mzn2039965016,"
śląskie, Rybnik ",264 900 zł,"

2 pokoje 40 m² piętro 3/4 
"
https://www.morizon.pl/oferta/sprzedaz-mieszkanie-rybnik-60m2-mzn2040108468,"
śląskie, Rybnik ",381 600 zł,"

3 pokoje 60 m² parter 
"
https://www.morizon.pl/oferta/sprzedaz-mieszkanie-rybnik-joski-36m2-mzn2039900027,"
śląskie, Rybnik ",187 000 zł,"

2 pokoje 37 m² piętro 1/4 
"
https://www.morizon.pl/oferta/sprzedaz-mieszkanie-rybnik-obwiednia-poludniowa-48m2-mzn2039039890,"
śląskie, Rybnik, Obwiednia Południowa ",345 600 zł,"

2 pokoje 48 m² piętro 1/4 
"
https://www.morizon.pl/oferta/sprzedaz-mieszkanie-rybnik-wincentego-kadlubka-53m2-mzn2039032528,"
śląskie, Rybnik, Kadłubka ",136 000 zł,"

2 pokoje 54 m² piętro 2/3 
"
https://www.morizon.pl/oferta/sprzedaz-mieszkanie-rybnik-morcinka-37m2-mzn2040113158,"
śląskie, Rybnik, Morcinka ",186 000 zł,"

2 pokoje 38 m² piętro 2/4 
"
https://www.morizon.pl/oferta/sprzedaz-mieszkanie-rybnik-smolna-3-pokoje-balkon-63m2-mzn2039041599,"
Rybnik, Smolna ",300 000 zł,"

2 pokoje 63 m² piętro 3 
"
https://www.morizon.pl/oferta/sprzedaz-mieszkanie-rybnik-smolna-64m2-mzn2039941663,"
Rybnik, Smolna ",345 000 zł,"

3 pokoje 64 m² piętro 7/8 
"
https://www.morizon.pl/oferta/sprzedaz-mieszkanie-rybnik-77m2-mzn2040106153,"
śląskie, Rybnik ",388 000 zł,"

3 pokoje 78 m² piętro 1/1 
"
https://www.morizon.pl/oferta/sprzedaz-mieszkanie-rybnik-kilinskiego-63m2-mzn2039887423,"
śląskie, Rybnik, Jana Kilińskiego ",276 000 zł,"

3 pokoje 63 m² piętro 2/8 
"
https://www.morizon.pl/oferta/sprzedaz-mieszkanie-rybnik-63m2-mzn2040105867,"
śląskie, Rybnik ",399 000 zł,"

3 pokoje 64 m² parter 
"
https://www.morizon.pl/oferta/sprzedaz-mieszkanie-rybnik-64m2-mzn2040219730,"
śląskie, Rybnik ",520 000 zł,"

4 pokoje 64 m² piętro 1/1 
"
https://www.morizon.pl/oferta/sprzedaz-mieszkanie-rybnik-hallera-98m2-mzn2039371168,"
śląskie, Rybnik, Hallera ",489 990 zł,"

4 pokoje 99 m² piętro 2/2 
"
https://www.morizon.pl/oferta/sprzedaz-mieszkanie-rybnik-kosciuszki-38m2-mzn2039921003,"
śląskie, Rybnik, Kościuszki ",239 000 zł,"

1 pokój 38 m² piętro 1/4 
"
https://www.morizon.pl/oferta/sprzedaz-mieszkanie-rybnik-wawelska-102m2-mzn2039441145,"
śląskie, Rybnik, Wawelska ",320 000 zł,"

3 pokoje 102 m² piętro 11/11 
"
https://www.morizon.pl/oferta/sprzedaz-mieszkanie-rybnik-ptasia-75m2-mzn2039445139,"
śląskie, Rybnik, Ptasia ",435 000 zł,"

3 pokoje 76 m² parter 
"
https://www.morizon.pl/oferta/sprzedaz-mieszkanie-rybnik-40m2-mzn2039035905,"
śląskie, Rybnik ",144 999 zł,"

1 pokój 40 m² parter 
"
https://www.morizon.pl/oferta/sprzedaz-mieszkanie-rybnik-maroko-nowiny-33m2-mzn2040107152,"
Rybnik, Maroko-Nowiny ",159 000 zł,"

2 pokoje 33 m² piętro 11/11 
"
https://www.morizon.pl/oferta/sprzedaz-mieszkanie-rybnik-kilinskiego-33m2-mzn2039850654,"
śląskie, Rybnik, Jana Kilińskiego ",165 000 zł,"

1 pokój 34 m² piętro 9/9 
"
https://www.morizon.pl/oferta/sprzedaz-mieszkanie-rybnik-gornicza-38m2-mzn2039256463,"
śląskie, Rybnik, Górnicza ",175 000 zł,"

2 pokoje 38 m² piętro 3/4 
"
https://www.morizon.pl/oferta/sprzedaz-mieszkanie-rybnik-dabrowki-44m2-mzn2039728721,"
śląskie, Rybnik, Dąbrówki ",239 500 zł,"

2 pokoje 44 m² piętro 11/11 Widok 3D 
"
https://www.morizon.pl/oferta/sprzedaz-mieszkanie-rybnik-obwiednia-poludniowa-56m2-mzn2039843631,"
śląskie, Rybnik, Obwiednia Południowa ",381 500 zł,"

2 pokoje 56 m² piętro 1/4 
"
https://www.morizon.pl/oferta/sprzedaz-mieszkanie-rybnik-obwiednia-poludniowa-67m2-mzn2039843632,"
śląskie, Rybnik, Obwiednia Południowa ",452 500 zł,"

3 pokoje 67 m² piętro 1/4 
"
https://www.morizon.pl/oferta/sprzedaz-mieszkanie-rybnik-boguszowice-osiedle-38m2-mzn2039871480,"
Rybnik, Boguszowice Osiedle ",149 000 zł,"

2 pokoje 38 m² piętro 3/4 
"
https://www.morizon.pl/oferta/sprzedaz-mieszkanie-rybnik-morcinka-46m2-mzn2039854133,"
śląskie, Rybnik, Morcinka ",199 990 zł,"

2 pokoje 47 m² piętro 2/2 
"
https://www.morizon.pl/oferta/sprzedaz-mieszkanie-rybnik-37m2-mzn2039757747,"
śląskie, Rybnik ",257 784 zł,"

2 pokoje 37 m² piętro 1/2 
"
https://www.morizon.pl/oferta/sprzedaz-mieszkanie-rybnik-raciborska-54m2-mzn2039778117,"
śląskie, Rybnik, Raciborska ",269 000 zł,"

2 pokoje 54 m² piętro 2/4 
"
https://www.morizon.pl/oferta/sprzedaz-mieszkanie-rybnik-zamyslow-62m2-mzn2039811176,"
Rybnik, Zamysłów ",509 000 zł,"

3 pokoje 62 m² parter 
"
https://www.morizon.pl/oferta/sprzedaz-mieszkanie-rybnik-niedobczyce-barbary-51m2-mzn2039900013,"
Rybnik, Niedobczyce, Barbary ",147 000 zł,"

2 pokoje 51 m² parter 
"
https://www.morizon.pl/oferta/sprzedaz-mieszkanie-rybnik-chabrowa-67m2-mzn2039879672,"
śląskie, Rybnik, Chabrowa ",299 000 zł,"

4 pokoje 68 m² piętro 5/10 
"
https://www.morizon.pl/oferta/sprzedaz-mieszkanie-rybnik-boguszowice-stare-rejewskiego-63m2-mzn2038128169,"
Rybnik, Boguszowice Stare, Rejewskiego ",312 000 zł,"

3 pokoje 63 m² piętro 1/3 
"
https://www.morizon.pl/oferta/sprzedaz-mieszkanie-rybnik-42m2-mzn2039028366,"
śląskie, Rybnik ",249 900 zł,"

2 pokoje 42 m² parter 
"
https://www.morizon.pl/oferta/sprzedaz-mieszkanie-rybnik-64m2-mzn2039002924,"
śląskie, Rybnik ",299 000 zł,"

3 pokoje 65 m² piętro 3 
"
https://www.morizon.pl/oferta/sprzedaz-mieszkanie-rybnik-maroko-nowiny-69m2-mzn2039947387,"
Rybnik, Maroko-Nowiny ",305 000 zł,"

4 pokoje 69 m² piętro 5/10 
"
https://www.morizon.pl/oferta/sprzedaz-mieszkanie-rybnik-51m2-mzn2039151953,"
śląskie, Rybnik ",336 895 zł,"

2 pokoje 52 m² piętro 2/2 
"
https://www.morizon.pl/oferta/sprzedaz-mieszkanie-rybnik-63m2-mzn2039914535,"
śląskie, Rybnik ",350 000 zł,"

3 pokoje 63 m² piętro 3/10 
"
https://www.morizon.pl/oferta/sprzedaz-mieszkanie-rybnik-boguslawskiego-66m2-mzn2039869558,"
śląskie, Rybnik, Bogusławskiego ",265 000 zł,"

3 pokoje 66 m² parter 
"
https://www.morizon.pl/oferta/sprzedaz-mieszkanie-rybnik-64m2-mzn2039002925,"
śląskie, Rybnik ",299 000 zł,"

3 pokoje 65 m² piętro 1/3 
"
https://www.morizon.pl/oferta/sprzedaz-mieszkanie-rybnik-wandy-101m2-mzn2039721831,"
śląskie, Rybnik, Wandy ",299 000 zł,"

4 pokoje 102 m² piętro 11/11 
"
https://www.morizon.pl/oferta/sprzedaz-mieszkanie-rybnik-75m2-mzn2038978530,"
śląskie, Rybnik ",437 378 zł,"

3 pokoje 75 m² piętro 1/1 
"
https://www.morizon.pl/oferta/sprzedaz-mieszkanie-rybnik-46m2-mzn2039999935,"
śląskie, Rybnik ",249 900 zł,"

2 pokoje 47 m² parter 
"
https://www.morizon.pl/oferta/sprzedaz-mieszkanie-rybnik-65m2-mzn2039002926,"
śląskie, Rybnik ",299 000 zł,"

3 pokoje 66 m² piętro 3/3 
"
https://www.morizon.pl/oferta/sprzedaz-mieszkanie-rybnik-42m2-mzn2039028365,"
śląskie, Rybnik ",249 900 zł,"

1 pokój 42 m² parter 
"
https://www.morizon.pl/oferta/sprzedaz-mieszkanie-rybnik-paruszowiec-piaski-77m2-mzn2039728719,"
Rybnik, Paruszowiec-Piaski ",450 986 zł,"

4 pokoje 77 m² piętro 1/3 
"
https://www.morizon.pl/oferta/sprzedaz-mieszkanie-rybnik-boguszowice-osiedle-52m2-mzn2039921297,"
Rybnik, Boguszowice Osiedle ",249 500 zł,"

2 pokoje 52 m² piętro 3 
"
https://www.morizon.pl/oferta/sprzedaz-mieszkanie-rybnik-38m2-mzn2039822937,"
śląskie, Rybnik ",220 000 zł,"

2 pokoje 38 m² piętro 1/5 
"
https://www.morizon.pl/oferta/sprzedaz-mieszkanie-rybnik-lompy-54m2-mzn2039637177,"
śląskie, Rybnik, Lompy ",240 000 zł,"

2 pokoje 54 m² parter 
"
https://www.morizon.pl/oferta/sprzedaz-mieszkanie-rybnik-paruszowiec-piaski-sosnowa-70m2-mzn2039307910,"
Rybnik, Paruszowiec-Piaski, Sosnowa ",422 950 zł,"

3 pokoje 71 m² piętro 2/3 
"
https://www.morizon.pl/oferta/sprzedaz-mieszkanie-rybnik-53m2-mzn2039992721,"
śląskie, Rybnik ",250 000 zł,"

3 pokoje 53 m² piętro 3/4 
"
https://www.morizon.pl/oferta/sprzedaz-mieszkanie-rybnik-paruszowiec-piaski-sosnowa-59m2-mzn2039308040,"
Rybnik, Paruszowiec-Piaski, Sosnowa ",375 060 zł,"

3 pokoje 60 m² parter 
"
https://www.morizon.pl/oferta/sprzedaz-mieszkanie-rybnik-paruszowiec-piaski-72m2-mzn2039728718,"
Rybnik, Paruszowiec-Piaski ",429 865 zł,"

3 pokoje 73 m² piętro 1/3 
"
https://www.morizon.pl/oferta/sprzedaz-mieszkanie-rybnik-chwalowice-54m2-mzn2039844072,"
Rybnik, Chwałowice ",189 000 zł,"

3 pokoje 54 m² parter 
"
https://www.morizon.pl/oferta/sprzedaz-mieszkanie-rybnik-maroko-nowiny-36m2-mzn2039815924,"
Rybnik, Maroko-Nowiny ",205 000 zł,"

2 pokoje 37 m² piętro 1/4 
"
https://www.morizon.pl/oferta/sprzedaz-mieszkanie-rybnik-chwalowice-42m2-mzn2039842529,"
Rybnik, Chwałowice ",210 000 zł,"

2 pokoje 43 m² parter 
"
https://www.morizon.pl/oferta/sprzedaz-mieszkanie-rybnik-maroko-nowiny-50m2-mzn2039759305,"
Rybnik, Maroko-Nowiny ",249 000 zł,"

2 pokoje 50 m² piętro 2/10 
"
https://www.morizon.pl/oferta/sprzedaz-mieszkanie-rybnik-rybnicka-kuznia-49m2-mzn2039816194,"
Rybnik, Rybnicka Kuźnia ",220 000 zł,"

2 pokoje 49 m² parter 
"
https://www.morizon.pl/oferta/sprzedaz-mieszkanie-rybnik-60m2-mzn2039474633,"
śląskie, Rybnik ",381 600 zł,"

3 pokoje 60 m² parter 
"
https://www.morizon.pl/oferta/sprzedaz-mieszkanie-rybnik-smolna-64m2-mzn2039821651,"
Rybnik, Smolna ",295 000 zł,"

3 pokoje 64 m² piętro 2/10 
"
https://www.morizon.pl/oferta/sprzedaz-mieszkanie-rybnik-niedobczyce-leszczynskiego-69m2-mzn2038184199,"
Rybnik, Niedobczyce, Leszczyńskiego ",369 900 zł,"

3 pokoje 70 m² piętro 1/2 
"
https://www.morizon.pl/oferta/sprzedaz-mieszkanie-rybnik-60m2-mzn2039790514,"
śląskie, Rybnik ",240 000 zł,"

3 pokoje 60 m² piętro 4/4 
"
https://www.morizon.pl/oferta/sprzedaz-mieszkanie-rybnik-boguszowice-osiedle-61m2-mzn2040213899,"
Rybnik, Boguszowice Osiedle ",259 000 zł,"

3 pokoje 61 m² piętro 1/4 
"
https://www.morizon.pl/oferta/sprzedaz-mieszkanie-rybnik-43m2-mzn2038569509,"
śląskie, Rybnik ",278 000 zł,"

2 pokoje 44 m² piętro 1/1 
"
https://www.morizon.pl/oferta/sprzedaz-mieszkanie-rybnik-wysoki-standard-nowoczesne-64m2-mzn2039914341,"
śląskie, Rybnik ",315 000 zł,"

3 pokoje 64 m² piętro 6/8 
"
https://www.morizon.pl/oferta/sprzedaz-mieszkanie-rybnik-smolna-33m2-mzn2039811415,"
Rybnik, Smolna ",165 000 zł,"

1 pokój 34 m² piętro 9/9 
"
https://www.morizon.pl/oferta/sprzedaz-mieszkanie-rybnik-55m2-mzn2039227077,"
śląskie, Rybnik ",240 000 zł,"

3 pokoje 55 m² piętro 3 
"
https://www.morizon.pl/oferta/sprzedaz-mieszkanie-rybnik-niedobczyce-stanislawa-leszczynskiego-63m2-mzn2040064070,"
Rybnik, Niedobczyce, Stanisława Leszczyńskiego ",359 900 zł,"

4 pokoje 63 m² piętro 1/1 
"
https://www.morizon.pl/oferta/sprzedaz-mieszkanie-rybnik-niedobczyce-40m2-mzn2039606514,"
Rybnik, Niedobczyce ",195 000 zł,"

2 pokoje 40 m² piętro 1/1 
"
https://www.morizon.pl/oferta/sprzedaz-mieszkanie-rybnik-niedobczyce-st-leszczynskiego-58m2-mzn2039003684,"
Rybnik, Niedobczyce, St. Leszczyńskiego ",399 900 zł,"

4 pokoje 58 m² parter 
"
https://www.morizon.pl/oferta/sprzedaz-mieszkanie-rybnik-mglista-6b-52m2-mzn2039270420,"
śląskie, Rybnik, Mglista ",70 550 zł,"

3 pokoje 53 m² piętro 1/4 
"
https://www.morizon.pl/oferta/sprzedaz-mieszkanie-rybnik-zamyslow-74m2-mzn2038637401,"
Rybnik, Zamysłów ",400 000 zł,"

3 pokoje 75 m² parter 
"
https://www.morizon.pl/oferta/sprzedaz-mieszkanie-rybnik-zamyslow-63m2-mzn2038637449,"
Rybnik, Zamysłów ",320 000 zł,"

3 pokoje 64 m² piętro 1/2 
"
https://www.morizon.pl/oferta/sprzedaz-mieszkanie-rybnik-zamyslow-90m2-mzn2038637534,"
Rybnik, Zamysłów ",455 000 zł,"

4 pokoje 91 m² piętro 1/1 
"
https://www.morizon.pl/oferta/sprzedaz-mieszkanie-rybnik-obroncow-rybnika-13m2-mzn2038593353,"
śląskie, Rybnik, Obrońców Rybnika ",35 000 zł,"

1 pokój 13 m² parter 
"
https://www.morizon.pl/oferta/sprzedaz-mieszkanie-rybnik-zamyslow-56m2-mzn2038385277,"
Rybnik, Zamysłów ",332 400 zł,"

2 pokoje 56 m² parter 
"
https://www.morizon.pl/oferta/sprzedaz-mieszkanie-rybnik-dabrowki-38m2-mzn2039348567,"
śląskie, Rybnik, Dąbrówki ",203 000 zł,"

2 pokoje 39 m² parter 
"
https://www.morizon.pl/oferta/sprzedaz-mieszkanie-rybnik-zamyslow-76m2-mzn2037562438,"
Rybnik, Zamysłów ",397 390 zł,"

4 pokoje 77 m² piętro 1/1 
"
https://www.morizon.pl/oferta/sprzedaz-mieszkanie-rybnik-srodmiescie-97m2-mzn2037496645,"
Rybnik, Śródmieście ",265 000 zł,"

3 pokoje 97 m² parter 
"
